{
    "info": {
        "_postman_id": "tp1-springboot-coleccion",
        "name": "TP1 SpringBoot APIs",
        "schema": "https://schema.getpostman.com/json/collection/v2.1.0/collection.json"
    },
    "item": [{
            "name": "Ejercicio 1 - Conversión de galones a litros",
            "request": {
                "method": "GET",
                "header": [],
                "url": {
                    "raw": "{{baseUrl}}/api/conversion/galones-a-litros?galones=5",
                    "host": ["{{baseUrl}}"],
                    "path": ["api", "conversion", "galones-a-litros"],
                    "query": [{ "key": "galones", "value": "5" }]
                }
            }
        },
        {
            "name": "Ejercicio 2 - Promedio de notas",
            "request": {
                "method": "GET",
                "header": [],
                "url": {
                    "raw": "{{baseUrl}}/api/promedio?nota1=7&nota2=8&nota3=9",
                    "host": ["{{baseUrl}}"],
                    "path": ["api", "promedio"],
                    "query": [
                        { "key": "nota1", "value": "7" },
                        { "key": "nota2", "value": "8" },
                        { "key": "nota3", "value": "9" }
                    ]
                }
            }
        },
        {
            "name": "Ejercicio 3 - Consultar plato por número",
            "request": {
                "method": "GET",
                "header": [],
                "url": {
                    "raw": "{{baseUrl}}/api/restaurante/plato?numero=2",
                    "host": ["{{baseUrl}}"],
                    "path": ["api", "restaurante", "plato"],
                    "query": [{ "key": "numero", "value": "2" }]
                }
            }
        },
        {
            "name": "Ejercicio 4a - Listado completo de pacientes",
            "request": {
                "method": "GET",
                "header": [],
                "url": {
                    "raw": "{{baseUrl}}/api/odontologo/pacientes",
                    "host": ["{{baseUrl}}"],
                    "path": ["api", "odontologo", "pacientes"]
                }
            }
        },
        {
            "name": "Ejercicio 4b - Pacientes menores de edad",
            "request": {
                "method": "GET",
                "header": [],
                "url": {
                    "raw": "{{baseUrl}}/api/odontologo/pacientes-menores",
                    "host": ["{{baseUrl}}"],
                    "path": ["api", "odontologo", "pacientes-menores"]
                }
            }
        },
        {
            "name": "Ejercicio 5 - Alta de jugadores y promedio de estatura",
            "request": {
                "method": "POST",
                "header": [
                    { "key": "Content-Type", "value": "application/json" }
                ],
                "body": {
                    "mode": "raw",
                    "raw": "[\n  {\"id\":1,\"dni\":\"11111111\",\"nombre\":\"Pedro\",\"apellido\":\"Gomez\",\"edad\":20,\"peso\":80.5,\"estatura\":1.85},\n  {\"id\":2,\"dni\":\"22222222\",\"nombre\":\"Juan\",\"apellido\":\"Perez\",\"edad\":22,\"peso\":78.0,\"estatura\":1.90},\n  {\"id\":3,\"dni\":\"33333333\",\"nombre\":\"Lucas\",\"apellido\":\"Lopez\",\"edad\":19,\"peso\":82.3,\"estatura\":1.88},\n  {\"id\":4,\"dni\":\"44444444\",\"nombre\":\"Martin\",\"apellido\":\"Diaz\",\"edad\":21,\"peso\":76.2,\"estatura\":1.83},\n  {\"id\":5,\"dni\":\"55555555\",\"nombre\":\"Santiago\",\"apellido\":\"Fernandez\",\"edad\":23,\"peso\":79.7,\"estatura\":1.92}\n]"
                },
                "url": {
                    "raw": "{{baseUrl}}/api/basquet/jugadores",
                    "host": ["{{baseUrl}}"],
                    "path": ["api", "basquet", "jugadores"]
                }
            }
        }
    ]
}